title,genres,overview
Spirited Away,animation fantasy,"A curious child enters a hidden spirit world and must find courage to rescue her family."
My Neighbor Totoro,family fantasy,"Two sisters discover gentle forest spirits while adjusting to life in the countryside."
Kiki's Delivery Service,animation family,"A young witch starts an independent life in a seaside town and builds confidence through work."
The Iron Giant,animation science fiction,"A lonely boy befriends a gentle robot from space and protects it from fearful authorities."
Arrival,science fiction drama,"A linguist works to understand mysterious visitors and discovers a new way to experience time."
Interstellar,science fiction adventure,"Explorers travel beyond Earth to search for a future home while a family waits behind."
Hidden Figures,history drama,"Three mathematicians use their skill and persistence to support an ambitious space program."
October Sky,drama biography,"A teenager from a mining town builds rockets and pursues an unexpected future."
The Martian,science fiction adventure,"An astronaut uses engineering and careful experiments to survive alone on Mars."
Paddington,family comedy,"A polite bear arrives in London and finds a welcoming home with an adventurous family."
The Secret Garden,family drama,"A lonely child discovers a locked garden and helps a small household grow closer."
Moana,animation adventure,"A determined island navigator crosses the ocean to restore balance to her home."
